record	status	filled_values	flat_leads	full_fragments	tail_samples	reason
100	accepted	0	0	180	2000	
101	accepted	0	0	180	2000	
102	skipped	0	0	0	0	No MLII lead
103	accepted	0	0	180	2000	
104	skipped	0	0	0	0	No MLII lead
105	accepted	0	0	180	2000	
106	accepted	0	0	180	2000	
107	accepted	0	0	180	2000	
108	accepted	0	0	180	2000	
109	accepted	0	0	180	2000	
111	accepted	0	0	180	2000	
112	accepted	0	0	180	2000	
113	accepted	0	0	180	2000	
114	accepted	0	0	180	2000	
115	accepted	0	0	180	2000	
116	accepted	0	0	180	2000	
117	accepted	0	0	180	2000	
118	accepted	0	0	180	2000	
119	accepted	0	0	180	2000	
121	accepted	0	0	180	2000	
122	accepted	0	0	180	2000	
123	accepted	0	0	180	2000	
124	accepted	0	0	180	2000	
200	accepted	0	0	180	2000	
201	accepted	0	0	180	2000	
202	accepted	0	0	180	2000	
203	accepted	0	0	180	2000	
205	accepted	0	0	180	2000	
207	accepted	0	0	180	2000	
208	accepted	0	0	180	2000	
209	accepted	0	0	180	2000	
210	accepted	0	0	180	2000	
212	accepted	0	0	180	2000	
213	accepted	0	0	180	2000	
214	accepted	0	0	180	2000	
215	accepted	0	0	180	2000	
217	accepted	0	0	180	2000	
219	accepted	0	0	180	2000	
220	accepted	0	0	180	2000	
221	accepted	0	0	180	2000	
222	accepted	0	0	180	2000	
223	accepted	0	0	180	2000	
228	accepted	0	0	180	2000	
230	accepted	0	0	180	2000	
231	accepted	0	0	180	2000	
232	accepted	0	0	180	2000	
233	accepted	0	0	180	2000	
234	accepted	0	0	180	2000	
